item_id,year_review_posted,item_name,recommend
10,2015,Counter-Strike,1
20,2015,Team Fortress Classic,2
50,2014,Half-Life: Opposing Force,1
80,2014,Counter-Strike: Condition Zero,1
220,2014,Half-Life 2,4
220,2015,Half-Life 2,1
240,2013,Counter-Strike: Source,1
240,2014,Counter-Strike: Source,1
240,2015,Counter-Strike: Source,1
300,2014,Day of Defeat: Source,1
320,2015,Half-Life 2: Deathmatch,1
360,2014,Half-Life Deathmatch: Source,1
440,2011,Team Fortress 2,2
440,2012,Team Fortress 2,2
440,2013,Team Fortress 2,14
440,2014,Team Fortress 2,26
440,2015,Team Fortress 2,20
550,2013,Left 4 Dead 2,1
550,2014,Left 4 Dead 2,3
620,2015,Portal 2,2
630,2014,Alien Swarm,1
630,2015,Alien Swarm,1
730,2014,Counter-Strike: Global Offensive,21
730,2015,Counter-Strike: Global Offensive,60
1250,2014,Killing Floor,3
1250,2015,Killing Floor,1
1520,2014,DEFCON,2
1670,2013,Iron Warriors: T-72 Tank Command,1
2400,2014,The Ship,3
2590,2014,Alpha Prime,1
2820,2015,X3: Terran Conflict,3
2870,2014,X Rebirth,10
4000,2013,Garry's Mod,4
4000,2014,Garry's Mod,22
4000,2015,Garry's Mod,20
4500,2014,S.T.A.L.K.E.R.: Shadow of Chernobyl,2
4920,2013,Natural Selection 2,3
4920,2015,Natural Selection 2,3
6060,2014,STAR WARS™ Battlefront™ II,1
6060,2015,STAR WARS™ Battlefront™ II,1
6550,2014,Devil May Cry 3: Special Edition,1
6870,2014,Battlestations: Midway,1
6880,2015,Just Cause,1
6900,2015,Hitman: Codename 47,1
6910,2015,Deus Ex: Game of the Year Edition,2
7520,2014,Two Worlds II,1
7670,2015,BioShock,2
7940,2015,Call of Duty® 4: Modern Warfare®,1
8190,2013,Just Cause 2,2
8190,2014,Just Cause 2,4
8190,2015,Just Cause 2,4
8500,2014,EVE Online,15
8850,2014,BioShock 2,1
8850,2015,BioShock 2,1
8870,2014,BioShock Infinite,5
8930,2014,Sid Meier's Civilization V,1
8930,2015,Sid Meier's Civilization V,2
8970,2015,Axel & Pixel,1
9050,2014,DOOM 3,1
9070,2015,DOOM 3: Resurrection of Evil,1
9180,2013,Commander Keen Complete Pack,1
9200,2013,RAGE,1
9480,2015,Saints Row 2,1
9900,2014,Star Trek Online,12
10180,2013,Call of Duty: Modern Warfare 2,1
10180,2014,Call of Duty: Modern Warfare 2,1
10180,2014,Call of Duty®: Modern Warfare® 2,1
10220,2014,Postal 3,1
10220,2014,Postal III,1
10220,2015,Postal 3,1
10220,2015,Postal III,1
11230,2014,Gumboy Tournament,3
11240,2014,Space Trader: Merchant Marine,6
11260,2014,Pacific Storm: Allies,2
11390,2014,Crash Time II,4
11590,2014,Hospital Tycoon,1
11610,2013,Dragon Nest,4
12120,2014,Grand Theft Auto: San Andreas,2
12120,2015,Grand Theft Auto: San Andreas,1
12150,2015,Max Payne 2: The Fall of Max Payne,1
12470,2013,Port Royale 2,1
12480,2014,9th Company - Roots of Terror,1
12830,2015,Operation Flashpoint: Dragon Rising,1
15320,2014,IL-2 Sturmovik: 1946,1
17080,2014,Tribes: Ascend,4
17080,2015,Tribes: Ascend,2
17300,2014,Crysis,1
17390,2015,Spore,2
17410,2014,Mirror's Edge,4
17410,2014,Mirror's Edge™,2
17410,2015,Mirror's Edge,2
17520,2014,Synergy,2
17700,2015,INSURGENCY: Modern Infantry Combat,1
17710,2015,Nuclear Dawn,2
18700,2011,And Yet It Moves,4
20920,2014,The Witcher 2: Assassins of Kings Enhanced Edition,1
21000,2014,LEGO Batman: The Videogame,2
21100,2013,F.E.A.R. 3,1
21100,2014,F.E.A.R. 3,1
22330,2013,The Elder Scrolls IV: Oblivion ,1
22350,2015,BRINK,4
22370,2014,Fallout 3 - Game of the Year Edition,1
22380,2014,Fallout: New Vegas,2
22380,2015,Fallout: New Vegas,4
22650,2014,Alien Breed 2: Assault,1
23490,2015,Tropico 3 - Steam Special Edition,2
24010,2014,Train Simulator,2
24010,2015,Train Simulator,1
24200,2014,DC Universe™ Online,5
24200,2015,DC Universe™ Online,15
24240,2014,PAYDAY: The Heist,2
24240,2015,PAYDAY: The Heist,1
24740,2014,Burnout Paradise: The Ultimate Box,1
24740,2015,Burnout Paradise: The Ultimate Box,1
24780,2013,SimCity 4 Deluxe,2
24960,2014,Battlefield: Bad Company 2,2
25000,2015,Overgrowth,2
25890,2014,Hearts of Iron III,1
28000,2015,Kane & Lynch 2: Dog Days,1
29800,2015,Caster,12
31280,2014,Poker Night at the Inventory,6
31280,2015,Poker Night at the Inventory,4
32370,2014,STAR WARS™: Knights of the Old Republic™,2
32370,2015,STAR WARS™: Knights of the Old Republic™,2
32430,2015,STAR WARS™: The Force Unleashed™ Ultimate Sith Edition,2
32500,2015,STAR WARS™: The Force Unleashed™ II,2
32800,2015,The Lord of the Rings: War in the North,2
33130,2015,Zombie Shooter,3
33230,2014,Assassin's Creed 2 Deluxe Edition,2
33230,2014,Assassin's Creed II,2
33230,2015,Assassin's Creed II,2
33420,2013,Call of Juarez®: The Cartel,2
33460,2011,From Dust,2
33520,2014,Tropico,2
33930,2014,Arma 2: Operation Arrowhead,6
33980,2013,Pound of Ground,1
34030,2014,Napoleon: Total War,1
34830,2013,Sniper: Ghost Warrior,1
34830,2015,Sniper: Ghost Warrior,1
34870,2014,Sniper Ghost Warrior 2,1
34900,2014,Bad Rats,4
34900,2014,Bad Rats: the Rats' Revenge,2
34900,2015,Bad Rats,3
34900,2015,Bad Rats: the Rats' Revenge,1
35450,2015,Red Orchestra 2: Heroes of Stalingrad with Rising Storm,3
35460,2013,The Ball,3
35460,2015,The Ball,3
38720,2015,RUSH,3
39200,2015,Dungeon Siege II,1
40380,2014,Nail'd,1
40390,2015,Risen 2 - Dark Waters,1
40970,2014,Stronghold Crusader HD,2
41100,2014,Hammerfight,2
41800,2013,Gratuitous Space Battles,3
42000,2015,Trino,2
42120,2015,Lead and Gold - Gangs of the Wild West,1
42910,2014,Magicka,2
42920,2012,The Kings' Crusade,1
42960,2015,Victoria II,1
42990,2014,Sword of the Stars II: Enhanced Edition,1
44340,2014,Operation Flashpoint: Red River,2
45740,2014,Dead Rising 2,2
45740,2015,Dead Rising® 2,4
45760,2014,Ultra Street Fighter IV,1
45770,2014,Dead Rising 2: Off the Record,2
46350,2015,Real Warfare,1
46540,2014,Trapped Dead,2
47410,2013,Stronghold Kingdoms,3
47410,2014,Stronghold Kingdoms,12
47700,2014,Command & Conquer 4: Tiberian Twilight,1
47700,2014,Command and Conquer 4: Tiberian Twilight,1
47790,2014,Medal of Honor(TM) Single Player,1
47790,2014,Medal of Honor™,1
47790,2015,Medal of Honor(TM) Single Player,1
47870,2014,Need For Speed: Hot Pursuit,1
47870,2014,Need for Speed: Hot Pursuit,1
47890,2014,The Sims(TM) 3,2
47920,2014,Shift 2 Unleashed,1
48190,2015,Assassin's Creed Brotherhood,2
48220,2014,Might & Magic: Heroes VI,2
48705,2015,Mount & Blade: Warband - Napoleonic Wars,2
48800,2015,Ship Simulator Extremes,1
49520,2014,Borderlands 2,8
49520,2015,Borderlands 2,4
49800,2014,Flight of the Icarus,2
50130,2014,Mafia II,1
50300,2015,Spec Ops: The Line,2
55110,2012,Red Faction: Armageddon,1
57900,2014,Duke Nukem Forever,1
58610,2014,Wargame: European Escalation,1
63380,2014,Sniper Elite V2,2
63710,2014,BIT.TRIP RUNNER,4
63800,2014,Delve Deeper,4
63940,2011,Men of War: Vietnam,1
65740,2014,Carrier Command: Gaea Mission,2
65790,2014,Arma: Cold War Assault,9
65980,2015,Sid Meier's Civilization: Beyond Earth,2
65980,2015,Sid Meier's Civilization®: Beyond Earth™,2
67370,2014,The Darkness II,1
70000,2014,Dino D-Day,4
70600,2015,Worms Ultimate Mayhem,1
71250,2014,Sonic Adventure DX,1
71250,2015,Sonic Adventure DX,1
71340,2014,Sonic Generations Collection,1
72730,2014,Fallout New Vegas: Dead Money,2
91700,2013,E.Y.E: Divine Cybermancy,3
92000,2014,Hydrophobia: Prophecy,4
92100,2015,DETOUR,2
92700,2014,Shadow Harvest: Phantom Ops,1
92800,2014,SpaceChem,2
94400,2014,Nidhogg,3
94400,2015,Nidhogg,3
96100,2015,Defy Gravity,3
98200,2014,Frozen Synapse,2
99100,2013,Dungeons & Dragons: Daggerdale,2
99400,2014,Garshasp: The Monster Slayer,2
99900,2014,Spiral Knights,30
99900,2015,Spiral Knights,6
99910,2014,Puzzle Pirates,5
102500,2014,Kingdoms of Amalur: Reckoning™,2
102700,2013,A.V.A. Alliance of Valiant Arms™,2
102700,2014,A.V.A - Alliance of Valiant Arms,2
102700,2015,A.V.A - Alliance of Valiant Arms,2
104600,2014,Portal 2 - The Final Hours,2
104700,2014,Super Monday Night Combat,10
104700,2015,Super MNC,5
104700,2015,Super Monday Night Combat,5
104900,2014,ORION: Prelude,64
104900,2015,ORION: Prelude,8
105100,2014,Lume,3
105600,2013,Terraria,4
105600,2015,Terraria,16
107200,2013,Space Pirates and Zombies,4
107410,2014,Arma 3,6
107410,2015,Arma 3,18
109600,2013,Neverwinter,5
109600,2014,Neverwinter,10
110800,2014,L.A. Noire,2
113200,2013,The Binding of Isaac,4
113200,2014,The Binding of Isaac,8
113400,2013,APB Reloaded,6
113400,2014,APB Reloaded,15
113400,2015,APB Reloaded,21
113420,2014,Fallen Earth Free2Play,3
113420,2015,Fallen Earth,3
115320,2014,Prototype 2,2
200210,2013,Realm of the Mad God,5
200210,2014,Realm of the Mad God,55
200210,2015,Realm of the Mad God,35
200230,2015,Off-Road Drive,2
200510,2015,XCOM: Enemy Unknown,1
201510,2015,Flatout 3,1
201790,2015,Orcs Must Die! 2,3
201810,2015,Wolfenstein: The New Order,1
202130,2014,Impire,1
202200,2014,Galactic Civilizations II: Ultimate Edition,1
202970,2014,Call of Duty: Black Ops II,4
202970,2014,Call of Duty®: Black Ops II,1
202970,2015,Call of Duty®: Black Ops II,1
203140,2014,Hitman: Absolution™,1
203140,2015,Hitman: Absolution,1
203160,2013,Tomb Raider,2
203160,2015,Tomb Raider,2
203210,2015,Titan Attacks,3
203770,2015,Crusader Kings II,6
204080,2014,The Showdown Effect,1
204080,2015,The Showdown Effect,1
204100,2014,Max Payne 3,2
204180,2015,Waveform,3
204300,2014,Awesomenauts,8
204300,2014,Awesomenauts - the 2D moba,8
204340,2015,Serious Sam 2,2
204360,2014,Castle Crashers,5
204360,2015,Castle Crashers,10
205080,2013,BIT.TRIP FATE,2
205950,2014,Jet Set Radio,1
206190,2014,Gunpoint,6
206210,2013,Gotham City Impostors Free to Play,2
206210,2014,Gotham City Impostors Free to Play,2
206210,2015,Gotham City Impostors Free to Play,2
206210,2015,Gotham City Impostors: Free To Play,2
206420,2014,Saints Row IV,8
206420,2015,Saints Row IV,2
207140,2014,SpeedRunners,5
207140,2015,SpeedRunners,5
207230,2013,Archeblade,3
207230,2014,ArcheBlade™,6
207610,2015,The Walking Dead,1
208090,2014,Loadout,60
208090,2015,Loadout,15
208460,2013,Tryst,3
208480,2015,Assassin's Creed® III,1
208650,2015,Batman™: Arkham Knight,26
208730,2014,Game of Thrones ,2
208730,2015,Game of Thrones ,2
208812,2014,Tomb Raider: Tomb of the Lost Adventurer,2
209000,2014,Batman™: Arkham Origins,4
209080,2013,Guns of Icarus Online,4
209080,2014,Guns of Icarus Online,8
209100,2012,Resident Evil™: Operation Raccoon City,1
209100,2015,Resident Evil™: Operation Raccoon City,1
209160,2013,Call of Duty: Ghosts,7
209160,2014,Call of Duty: Ghosts,10
209160,2014,Call of Duty®: Ghosts,3
209160,2015,Call of Duty: Ghosts,4
209630,2014,Magrunner: Dark Pulse,2
209650,2014,Call of Duty: Advanced Warfare,4
209650,2015,Call of Duty: Advanced Warfare,10
209650,2015,Call of Duty®: Advanced Warfare - Gold Edition,1
209730,2014,RAW - Realms of Ancient War,2
209870,2013,Blacklight: Retribution,2
209870,2014,Blacklight: Retribution,14
209870,2015,Blacklight: Retribution,12
210770,2013,Sanctum 2,3
210770,2014,Sanctum 2,3
210770,2015,Sanctum 2,3
211160,2014,Viking: Battle for Asgard,2
211160,2015,Viking: Battle for Asgard,2
211400,2013,Deadlight,3
211400,2015,Deadlight,6
211420,2014,DARK SOULS™: Prepare To Die™ Edition,2
211420,2014,Dark Souls: Prepare to Die Edition,14
211420,2015,DARK SOULS™: Prepare To Die™ Edition,4
211420,2015,Dark Souls: Prepare to Die Edition,2
211440,2014,Adventures of Shuggy,1
211500,2014,RaceRoom Racing Experience,12
211500,2014,RaceRoom Racing Experience ,8
211500,2015,RaceRoom Racing Experience ,4
211820,2013,Starbound,5
211820,2014,Starbound,20
211820,2015,Starbound,15
212010,2014,Galaxy on Fire 2™ Full HD,4
212070,2014,Star Conflict,4
212070,2015,Star Conflict,4
212160,2014,Vindictus,10
212200,2014,Mabinogi,7
212200,2015,Mabinogi,7
212800,2014,Super Crate Box,3
214250,2014,I Am Alive,2
214420,2014,Gear Up,6
214420,2015,Gear Up,12
214490,2015,Alien: Isolation,1
214700,2013,Thirty Flights of Loving,3
214700,2014,Thirty Flights of Loving,3
214830,2015,Half Minute Hero: Super Mega Neo Climax Ultimate Boy,3
214950,2013,Total War: ROME II - Emperor Edition,4
214950,2014,Total War: ROME II - Emperor Edition,3
214950,2014,Total War™: ROME II - Emperor Edition,1
214950,2015,Total War: ROME II - Emperor Edition,3
214970,2014,Intrusion 2,2
215080,2015,WAKFU,5
215470,2013,Primal Carnage,4
215510,2014,Rocketbirds: Hardboiled Chicken,2
215670,2015,Home,2
216110,2014,Tiny Troopers,3
216150,2013,MapleStory,4
216150,2014,MapleStory,8
216150,2015,MapleStory,12
218040,2014,Democracy 2,3
218130,2015,Dungeonland,3
218230,2013,PlanetSide 2,6
218230,2014,PlanetSide 2,9
218230,2015,PlanetSide 2,3
218640,2014,Lucius,3
218680,2015,Scribblenauts Unlimited,3
218820,2014,Mercenary Kings,8
219640,2014,Chivalry: Medieval Warfare,12
219640,2015,Chivalry: Medieval Warfare,14
219680,2013,Proteus,3
219680,2014,Proteus,3
219830,2015,King Arthur's Gold,2
219890,2014,Antichamber,2
220160,2014,Trials Evolution Gold Edition,2
220160,2015,Trials Evolution Gold Edition,2
220240,2013,Far Cry® 3,4
220240,2014,Far Cry 3,2
220240,2014,Far Cry® 3,4
220240,2015,Far Cry® 3,2
220700,2014,RPG Maker VX Ace,2
220860,2014,McPixel,3
221020,2014,Towns,4
221100,2013,DayZ,8
221100,2014,DayZ,136
221100,2015,DayZ,172
221380,2014,Age of Empires II: HD Edition,1
221380,2015,Age of Empires II: HD Edition,1
221640,2013,Super Hexagon,4
221640,2014,Super Hexagon,2
222480,2013,Resident Evil Revelations / Biohazard Revelations,2
222880,2014,Insurgency,6
222880,2015,Insurgency,9
222980,2015,Dead Pixels,3
223470,2015,POSTAL 2,3
223710,2014,Cry of Fear,6
223710,2015,Cry of Fear,9
224260,2013,No More Room in Hell,9
224260,2014,No More Room in Hell,18
224500,2015,Gnomoria,6
224540,2013,Ace of Spades,8
224540,2014,Ace of Spades,10
224540,2014,Ace of Spades: Battle Builder,4
224540,2015,Ace of Spades,6
224540,2015,Ace of Spades: Battle Builder,4
224580,2013,Arma 2: DayZ Mod,3
224580,2014,Arma 2: DayZ Mod,3
224600,2014,Defiance,16
224760,2013,FEZ,1
224760,2015,FEZ,1
224960,2015,Tomb Raider I,2
225260,2013,Brütal Legend,3
225260,2014,Brütal Legend,3
225260,2015,Brütal Legend,3
225540,2015,Just Cause 3,12
225600,2015,Blade Symphony,4
226580,2014,F1 2014,2
227020,2013,Rise of Venice,2
227100,2014,Sniper Elite: Nazi Zombie Army,1
227180,2014,Kingdom Wars,6
227220,2015,Sang-Froid - Tales of Werewolves,5
227300,2015,Euro Truck Simulator 2,2
227860,2015,Castle Story,2
227940,2014,Heroes & Generals,32
227940,2015,Heroes & Generals,72
228380,2014,Next Car Game: Wreckfest,6
228380,2015,Next Car Game: Wreckfest,6
228760,2014,TrackMania² Canyon,2
229580,2014,Dream,2
229580,2015,Dream,2
230190,2015,War for the Overworld,2
230410,2014,Warframe,4
230410,2015,Warframe,12
230700,2013,La-Mulana,3
230980,2014,Starseed Pilgrim,2
231040,2014,Beatbuddy: Tale of the Guardians,4
231060,2014,Ragnarok Online 2,3
231430,2015,Company of Heroes 2,1
232010,2015,Euro Truck Simulator,2
232050,2013,Eador. Masters of the Broken World,2
232090,2015,Killing Floor 2,5
232430,2014,Gone Home,6
232430,2015,Gone Home,6
232750,2014,Mars: War Logs,2
232790,2015,Broken Age,3
232890,2014,Stronghold Crusader 2,2
232910,2014,TrackMania² Stadium,2
233130,2015,Shadow Warrior,2
233270,2014,Far Cry 3 - Blood Dragon,2
233270,2015,Far Cry® 3 Blood Dragon,2
233290,2014,MURDERED: SOUL SUSPECT™,3
233450,2014,Prison Architect,6
233470,2014,Evoland,3
233470,2015,Evoland,3
233720,2013,Surgeon Simulator,3
233720,2014,Surgeon Simulator,12
233840,2013,Worms Clan Wars,1
234330,2013,Marvel Puzzle Quest,3
234330,2014,Marvel Puzzle Quest,3
234490,2014,Rush Bros,3
234710,2015,Poker Night 2,2
235400,2014,King’s Bounty: Legions,6
235540,2015,Warhammer: End Times - Vermintide,2
235600,2014,Tom Clancy's Splinter Cell Blacklist,2
235600,2015,Tom Clancy's Splinter Cell Blacklist,2
236110,2015,Dungeon Defenders II,15
236150,2014,Starpoint Gemini 2,3
236370,2014,Interstellar Marines,5
236370,2015,Interstellar Marines,5
236430,2014,DARK SOULS™ II,2
236790,2014,Agricultural Simulator 2013 - Steam Edition,2
236790,2014,Agricultural Simulator 2013 Steam Edition,2
236850,2014,Europa Universalis IV,2
236850,2015,Europa Universalis IV,2
237110,2014,Mortal Kombat Komplete Edition,1
237310,2014,Elsword,6
237890,2014,Agarest: Generations of War,3
237970,2015,Memento Mori 2,2
238090,2014,Sniper Elite 3,2
238240,2014,Edge of Space,12
238240,2015,Edge of Space,8
238320,2014,Outlast,6
238370,2015,Magicka 2,2
238430,2013,Contagion,3
238430,2014,Contagion,6
238430,2015,Contagion,3
238460,2014,BattleBlock Theater,4
238460,2015,BattleBlock Theater®,4
239030,2014,"Papers, Please",2
239070,2014,Hammerwatch,4
239140,2015,Dying Light,2
239160,2014,Thief,4
239160,2015,Thief,2
239200,2014,Amnesia: A Machine for Pigs,3
239200,2015,Amnesia: A Machine for Pigs,3
239350,2013,Spelunky,1
239660,2015,Soldier Front 2,2
239820,2015,Game Dev Tycoon,4
241260,2014,Sherlock Holmes: Crimes and Punishments,1
241540,2013,State of Decay,3
241540,2014,State of Decay,6
241540,2015,State of Decay,3
241930,2014,Middle-earth: Shadow of Mordor,4
241930,2015,Middle-earth: Shadow of Mordor,2
241930,2015,Middle-earth™: Shadow of Mordor™,2
242050,2014,Assassin’s Creed® IV Black Flag™,2
242050,2015,Assassin's Creed IV Black Flag,2
242050,2015,Assassin’s Creed® IV Black Flag™,2
242640,2014,Styx: Master of Shadows,1
242700,2013,Injustice: Gods Among Us Ultimate Edition,1
242720,2014,GunZ 2: The Second Duel,9
242760,2014,The Forest,20
242760,2015,The Forest,5
242800,2014,Day One: Garry's Incident,12
242860,2013,Verdun,6
242860,2015,Verdun,3
242880,2014,"Sir, You Are Being Hunted",2
242980,2015,Daikatana,1
243450,2014,Urban Trial Freestyle,4
243470,2014,Watch_Dogs,18
243470,2014,Watch_Dogs™,4
243470,2015,Watch_Dogs,8
244050,2015,Rise of Flight United,4
244230,2014,War Thunder - Steam Pack,3
244450,2015,Men of War: Assault Squad 2,6
244630,2014,NEOTOKYO°,2
244770,2014,StarMade,7
244930,2014,SNOW,5
244930,2015,SNOW,10
245170,2014,Skullgirls,2
245170,2015,Skullgirls,2
245490,2015,Trials Fusion,1
245620,2015,Tropico 5,3
246090,2014,Spacebase DF-9,3
246090,2015,Spacebase DF-9,3
246700,2014,Strike Vector,4
246940,2014,Lords of the Black Sun,2
247000,2014,Talisman: Digital Edition,3
247020,2015,"Cook, Serve, Delicious!",4
247730,2013,Nether,5
247730,2013,Nether: Resurrected,5
247730,2014,Nether,45
247730,2015,Nether,10
247730,2015,Nether: Resurrected,5
247910,2014,Sniper Elite: Nazi Zombie Army 2,2
247950,2014,Sacred 3,4
248570,2014,Toribash,8
248570,2015,Toribash,12
248710,2013,Iesabel,3
248820,2014,Risk of Rain,3
248970,2014,Vector,2
249130,2014,LEGO® MARVEL Super Heroes,2
249130,2015,LEGO® MARVEL Super Heroes,2
249590,2014,Teslagrad,1
249650,2014,Blackguards,3
250180,2014,METAL SLUG 3,1
250260,2014,Jazzpunk,2
250320,2015,The Wolf Among Us,1
250340,2014,Blockland,9
250340,2015,Blockland,3
250400,2015,How to Survive,6
250420,2013,8BitMMO,6
250420,2014,8BitMMO,36
250420,2015,8BitMMO,12
250580,2013,Paranautical Activity: Deluxe Atonement Edition,3
251060,2014,Wargame: Red Dragon,1
251170,2014,Damned,1
251870,2014,Go! Go! Nippon! ~My First Trip to Japan~,1
251870,2015,Go! Go! Nippon! ~My First Trip to Japan~,1
252330,2014,Slender: The Arrival,3
252490,2013,Rust,12
252490,2014,Rust,60
252490,2015,Rust,156
252770,2015,Vox,5
252950,2015,Rocket League,4
252950,2015,Rocket League®,4
253650,2014,Sparkle 2 Evo,4
253710,2014,theHunter,40
253710,2014,theHunter Classic,45
253710,2015,theHunter,25
253770,2014,Bus-Simulator 2012,1
253980,2014,Enclave,1
253980,2015,Enclave,1
254080,2014,World War III: Black Gold,1
254200,2014,FortressCraft Evolved,6
254200,2015,FortressCraft Evolved,6
254440,2014,Pool Nation,5
254440,2015,Pool Nation,5
254700,2014,resident evil 4 / biohazard 4,4
255070,2014,Abyss Odyssey,3
256010,2015,Jagged Alliance Flashback,3
256050,2014,Adventure Park,2
256290,2015,Child of Light,1
257750,2015,Bloody Trapland,4
258180,2014,Deus Ex: The Fall,9
258970,2014,Gauntlet™ ,6
258970,2014,Gauntlet™ Slayer Edition,3
259080,2013,Just Cause 2: Multiplayer Mod,2
259170,2015,Alone in the Dark,2
259320,2014,Heli Heroes,2
259430,2014,Zigfrak,3
259680,2015,Tales of Maj'Eyal,3
261030,2014,The Walking Dead: Season Two,1
261030,2015,The Walking Dead: Season Two,2
261110,2015,Killer is Dead,1
261530,2014,Lifeless Planet,3
261640,2014,Borderlands: The Pre-Sequel,4
261640,2015,Borderlands: The Pre-Sequel,10
261820,2014,Estranged: Act I,4
261980,2013,Half-Life: Before,16
261980,2015,Half-Life: Before,4
262060,2015,Darkest Dungeon,6
262060,2015,Darkest Dungeon®,3
262120,2014,Toy Soldiers: Complete,5
262410,2014,World of Guns: Gun Disassembly,6
263200,2014,Signs of Life,6
263280,2014,Spintires,3
263280,2015,SPINTIRES™,3
263540,2014,Villagers and Heroes,4
263540,2015,Villagers and Heroes,8
263680,2014,Unearthed: Trail of Ibn Battuta - Episode 1 - Gold Edition,3
263760,2014,Turbo Dismount™,3
264140,2014,Pixel Piracy,8
264280,2014,99 Levels To Hell,4
265300,2014,Lords Of The Fallen,4
265550,2014,Dead Rising 3,2
265810,2015,The Sandbox,4
265870,2014,Alpha Kimori™ Episode One ,5
265930,2014,Goat Simulator,27
265930,2015,Goat Simulator,21
266070,2014,City of Steam: Arkadia,4
266370,2015,Calibre 10 Racing Series,3
266430,2014,Anarchy Arcade,8
266430,2015,Anarchy Arcade,12
267340,2015,Beware Planet Earth,3
267600,2014,Airport Simulator 2014,1
267610,2014,Woodcutter Simulator 2013,2
267940,2015,Glacier 3: The Meltdown,2
269210,2015,Hero Siege,5
269810,2014,Spate,3
270090,2015,N.P.P.D. RUSH - The milk of Ultra violet,2
270150,2015,RUNNING WITH RIFLES,2
270370,2015,Lambda Wars Beta,2
270550,2014,Yet Another Zombie Defense,4
270550,2015,Yet Another Zombie Defense,4
271240,2015,Offworld Trading Company,3
271590,2015,Grand Theft Auto V,36
272890,2015,Vertiginous Golf,2
273110,2014,Counter-Strike Nexon: Zombies,16
273110,2015,Counter-Strike Nexon: Zombies,36
273350,2015,Evolve Stage 2,8
273770,2014,Game Tycoon 1.5,2
274250,2015,OlliOlli,2
274620,2014,Skara - The Blade Remains,5
274900,2014,Murder Miners,2
274920,2015,FaceRig,4
275490,2014,Canyon Capers,3
275490,2015,Canyon Capers,3
275610,2015,"Warhammer 40,000: Kill Team",1
278490,2015,Aveyond 3-2: Gates of Night,4
278970,2015,DiggerOnline,2
280930,2014,Battlepillars Gold Edition,4
281370,2014,Real Horror Stories Ultimate Edition,1
281370,2015,Real Horror Stories Ultimate Edition,1
281820,2014,Explodemon,4
282440,2014,Quake Live,1
282440,2015,Quake Live,1
282800,2015,100% Orange Juice,2
282900,2015,Hyperdimension Neptunia Re;Birth1 / 超次次元ゲイム ネプテューヌRe;Birth1 / 超次次元遊戲戰機少女重生1,2
283370,2015,Marine Sharpshooter II: Jungle Warfare,1
283660,2014,Rabbit Hole 3D: Steam Edition,3
284950,2015,Pixel Puzzles: Japan,3
285160,2014,LEGO® The Hobbit™,2
285900,2015,Gang Beasts,8
285920,2015,TerraTech,3
286040,2015,Dead Effect,2
286080,2014,Thinking with Time Machine,4
286100,2014,You Have to Win the Game,2
286200,2014,ReignMaker,5
286570,2015,F1 2015,4
287220,2015,Autocraft,3
287290,2015,Resident Evil Revelations 2 / Biohazard Revelations 2,2
287450,2014,Rise of Nations: Extended Edition,2
287700,2015,METAL GEAR SOLID V: THE PHANTOM PAIN,6
288140,2015,Jack Nicklaus Perfect Golf,4
289090,2015,Ampu-Tea,5
289650,2014,Assassin's Creed Unity,6
289650,2014,Assassin's Creed® Unity,6
289650,2015,Assassin's Creed Unity,10
289690,2014,LARA CROFT AND THE TEMPLE OF OSIRIS™,2
290080,2014,Life is Feudal: Your Own,8
290080,2015,Life is Feudal: Your Own,4
290650,2014,Time Ramesside (A New Reckoning),5
290770,2014,The Fall,3
291010,2015,The Hat Man: Shadow Ward,6
291270,2014,Vitrum,3
291480,2014,Warface,39
291480,2015,Warface,9
291650,2015,Pillars of Eternity,1
291930,2014,Industry Empire,2
292120,2015,FINAL FANTASY® XIII,1
292140,2015,FINAL FANTASY XIII-2,2
292630,2014,Uriel's Chasm,3
292630,2015,Uriel's Chasm,6
293320,2014,Coma: Mortuary,2
293540,2014,Guns and Robots,10
293540,2015,Guns and Robots,5
294860,2015,Valkyria Chronicles™,3
295710,2014,Darkwind: War on Wheels,6
295790,2015,Never Alone (Kisima Ingitchuna),4
296150,2014,G-Ball,4
297000,2015,Heroes of Might & Magic III - HD Edition,4
297100,2014,Beyond Space Remastered Edition,3
297110,2014,Cosmic DJ,2
298110,2015,Far Cry 4,2
298240,2015,Red Crucible: Firestorm,10
298260,2015,Only If,3
298480,2014,Victory At Sea,3
298630,2015,The Escapists,15
299360,2015,Block N Load,24
299460,2015,Woodle Tree Adventures,3
299480,2015,Rogue Stormers,2
299720,2015,Terrorhedron Tower Defense,3
299740,2015,Miscreated,8
300080,2015,Total War Battles: KINGDOM,6
300380,2015,Road Redemption,5
300970,2015,Fiesta Online NA,3
301520,2014,Robocraft,78
301520,2015,Robocraft,66
301640,2015,Zombie Army Trilogy,3
301760,2015,Cars 2,3
301910,2015,Saints Row: Gat out of Hell,3
302270,2014,Dungeon Defenders Eternity,4
302830,2015,BLOCKADE 3D,18
303210,2015,The Beginner's Guide,2
303390,2014,Dead Bits,6
303390,2015,Dead Bits,9
304030,2015,ArcheAge,6
304050,2015,Trove,48
304500,2015,Rooms: The Main Building,2
304650,2014,Sunless Sea,3
304930,2014,Unturned,90
304930,2015,Unturned,90
305260,2015,Battle Islands,3
305920,2015,Another Perspective,2
306130,2015,The Elder Scrolls Online: Tamriel Unlimited,4
306130,2015,The Elder Scrolls® Online: Tamriel Unlimited™,2
306670,2015,Overlord: Fellowship of Evil,2
307290,2014,Velvet Sundown,5
307290,2015,Velvet Sundown,5
307780,2015,Mortal Kombat X,9
307880,2015,Savage Lands,5
310370,2015,The Way of Life Free Edition,8
311140,2014,The Stalin Subway,1
311210,2015,Call of Duty: Black Ops III,28
311210,2015,Call of Duty®: Black Ops III,8
311730,2015,Dead or Alive 5 Last Round,1
312210,2015,The Fifth Day,4
312780,2015,Way of the Samurai 4,2
313010,2015,Cities XXL,1
313020,2015,Soul Gambler,3
313120,2015,Stranded Deep,9
313340,2014,Mountain,4
313340,2015,Mountain,4
313690,2015,LEGO® Batman™ 3: Beyond Gotham,2
314020,2015,Morphopolis,3
314300,2015,CubeZ,5
316010,2015,Magic Duels,2
317360,2015,Double Action: Boogaloo,3
317400,2015,Portal Stories: Mel,3
317470,2014,Cubic Castles,18
318020,2015,Act of Aggression,1
318220,2015,Enforcer: Police Crime Action,3
319510,2014,Five Nights at Freddy's,2
319510,2015,Five Nights at Freddy's,4
319550,2015,The Collider,2
319570,2015,Heroes of SoulCraft,6
319630,2015,Life Is Strange™,4
319630,2015,Life is Strange - Episode 1,4
319910,2015,Trine 3: The Artifacts of Power,6
321360,2015,Primal Carnage: Extinction,4
321610,2014,Demonlisher,1
321960,2015,Might & Magic Heroes VII ,2
321960,2015,Might & Magic® Heroes® VII,2
322300,2014,The Repopulation,4
322330,2015,Don't Starve Together,3
322920,2015,theHunter: Primal,6
323370,2015,TERA,10
324570,2015,Halo: Spartan Strike,1
325090,2015,Deep Dungeons of Doom,3
326720,2014,Instant Dungeon!,2
327890,2014,I am Bread,4
327890,2015,I am Bread,4
328220,2015,Wild Season - Episode 1,3
328670,2015,Deer Hunt Legends,2
329830,2014,The Moon Sliver,1
330840,2015,Game of Thrones - A Telltale Games Series,3
331440,2014,bit Dungeon II,4
331440,2015,bit Dungeon II,4
331500,2015,Executive Assault,2
331600,2015,One Piece Pirate Warriors 3,1
332070,2014,School of Dragons: How to Train Your Dragon,8
332500,2015,GRAV,15
333950,2015,Medieval Engineers,5
334070,2015,Hektor,3
334230,2015,Town of Salem,6
335300,2015,DARK SOULS™ II: Scholar of the First Sin,4
335330,2015,Brick-Force,12
335660,2015,CAFE 0 ~The Drowned Mermaid~,3
336250,2015,Monster Jam Battlegrounds,3
336380,2015,Catmouth Island,3
336510,2015,Anno Online,3
336520,2015,Might & Magic Heroes Online,8
339230,2015,ZOMBI,2
339610,2015,FreeStyle2: Street Basketball,15
340150,2015,Basement,4
340170,2015,FINAL FANTASY TYPE-0™ HD,2
342570,2015,HIS (Heroes In the Sky),6
344040,2015,Voxelized,3
344760,2015,Reign Of Kings,45
344850,2015,Big Pharma,3
345580,2015,Universal Combat CE 2.0,4
345650,2015,Without Within,2
346110,2015,ARK: Survival Evolved,85
346900,2015,AdVenture Capitalist,3
347670,2015,Karate Master 2 Knock Down Blow,4
348290,2015,Hospital Manager,1
348380,2015,The Interview,2
350150,2015,Scraps: Modular Vehicle Combat,3
351050,2015,Cricket Captain 2015,2
351290,2015,Survival: Postapocalypse Now,12
351570,2015,Killing Floor: Uncovered,1
351710,2015,Hyperdimension Neptunia Re;Birth2 Sisters Generation,2
351790,2015,Invisible Apartment,3
351970,2015,Tales of Zestiria,1
352010,2015,Beach Bounce,3
354140,2015,Five Nights at Freddy's 3,3
354380,2015,Assassin’s Creed® Chronicles: China,2
354640,2015,The Settlers Online,3
355840,2015,Survarium,15
357380,2015,Angry Video Game Nerd: The Movie,1
357900,2015,Make it indie!,3
359050,2015,Shower With Your Dad Simulator 2015: Do You Still Shower With Your Dad,3
359550,2015,Tom Clancy's Rainbow Six Siege,3
359550,2015,Tom Clancy's Rainbow Six® Siege,1
360170,2015,How to Survive 2,3
360640,2015,12 Labours of Hercules II: The Cretan Bull,2
360940,2015,The Mean Greens - Plastic Warfare,2
361630,2015,404Sight,2
362410,2015,Adam's Venture Chronicles,2
362890,2015,Black Mesa,4
363440,2015,Mega Man Legacy Collection / ロックマン クラシックス コレクション,1
363970,2015,Clicker Heroes,14
364050,2015,Face It - A game to fight inner demons,3
364450,2015,Freshman Year,1
364690,2015,SUPER DISTRO,6
367710,2015,Afterlife Empire,3
369400,2015,Let the Cat In,4
370240,2015,NBA 2K16,4
376870,2015,Minecraft: Story Mode - A Telltale Games Series,2
377160,2015,Fallout 4,2
380580,2015,SpaceCorn,3
383120,2015,Empyrion - Galactic Survival,5
385830,2015,Burgers,4
386360,2015,SMITE,2
387860,2015,the static speaks my name,4
387970,2015,Clown House (Palyaço Evi),3
388090,2015,Five Nights at Freddy's 4,3
388490,2015,One Way To Die: Steam Edition,2
391460,2015,WARMODE,15
391540,2015,Undertale,8
393420,2015,Hurtworld,4
399670,2015,Game Corp DX,2
401190,2015,Dinosaur Hunt,4
402020,2015,The Park,1
403190,2015,Planetbase,3
408740,2015,Pro Gamer Manager,4
409510,2015,Genesis Online,2
410340,2015,Liftoff,5
412400,2015,GASP,6
417860,2015,Emily is Away,20
421770,2015,Pool Nation FX - Unlock Online,6
421890,2015,Avaris 2: The Return of the Empress,3
